symbol,trade_date,close,trade_volume,share_volume,intraday_volatility,share_volume_5d,share_volume_20d,volume_ratio_5d_20d,trade_density,momentum_5d,momentum_20d,momentum_60d
PALM.N0000,2026-01-05,74.0,1,10,0.0,559.0,559.0,1.0,10.0,0.0,0.0,0.0
NTB.X0000,2026-01-05,385.5,3,3,1.1024643320363166,2.5,2.5,1.0,1.0,0.0,0.0,0.0
CABO.N0000,2026-01-06,197.75,156,127657,15.170670037926676,50757.0,50757.0,1.0,818.3141025641025,0.0,0.0,0.0
SEYB.X0000,2026-01-06,77.7,135,534212,2.9601029601029563,362129.3333333333,362129.3333333333,1.0,3957.125925925926,0.0,0.0,0.0
BUKI.N0000,2026-01-06,1040.0,18,774,0.576923076923077,803.6666666666666,803.6666666666666,1.0,43.0,0.0,0.0,0.0
CALF.N0000,2026-01-06,93.6,5,401,0.3205128205128175,330.3333333333333,330.3333333333333,1.0,80.2,0.0,0.0,0.0
VFIN.N0000,2026-01-06,103.75,151,201535,2.891566265060241,104080.33333333333,104080.33333333333,1.0,1334.6688741721855,0.0,0.0,0.0
CERA.N0000,2026-01-06,172.0,8,190,2.1802325581395348,466.0,466.0,1.0,23.75,0.0,0.0,0.0
AAF.N0000,2026-01-06,56.2,131,139466,3.3807829181494635,97832.66666666667,97832.66666666667,1.0,1064.6259541984732,0.0,0.0,0.0
SFCL.N0000,2026-01-06,1284.5,43,650,1.5570260801868432,447.3333333333333,447.3333333333333,1.0,15.116279069767442,0.0,0.0,0.0
ACME.N0000,2026-01-06,6.1,44,187751,4.918032786885243,274372.3333333333,274372.3333333333,1.0,4267.068181818182,0.0,0.0,0.0
CALC.U0000,2026-01-06,14.2,3,300,1.4084507042253596,1538.6666666666667,1538.6666666666667,1.0,100.0,0.0,0.0,0.0
CDB.X0000,2026-01-06,302.25,23,3574,0.9925558312655087,9432.333333333334,9432.333333333334,1.0,155.3913043478261,0.0,0.0,0.0
SHAW.N0000,2026-01-06,231.0,63,48280,18.073593073593074,26377.0,26377.0,1.0,766.3492063492064,0.0,0.0,0.0
WATA.N0000,2026-01-06,49.0,214,236364,1.42857142857142,238400.66666666666,238400.66666666666,1.0,1104.5046728971963,0.0,0.0,0.0
RWSL.N0000,2026-01-06,25.2,140,238216,5.9523809523809526,204722.33333333334,204722.33333333334,1.0,1701.5428571428572,0.0,0.0,0.0
RPBH.N0000,2026-01-06,63.0,5,453,3.809523809523807,763.3333333333334,763.3333333333334,1.0,90.6,0.0,0.0,0.0
AEL.N0000,2026-01-06,77.3,530,1038199,1.4230271668822696,1078741.0,1078741.0,1.0,1958.866037735849,0.0,0.0,0.0
UML.N0000,2026-01-06,345.25,332,67198,3.7653874004344683,132370.33333333334,132370.33333333334,1.0,202.40361445783134,0.0,0.0,0.0
SFIN.N0000,2026-01-06,59.8,137,232628,7.692307692307695,113789.33333333333,113789.33333333333,1.0,1698.014598540146,0.0,0.0,0.0
SDB.N0000,2026-01-06,65.5,471,1444598,14.045801526717561,566646.0,566646.0,1.0,3067.0870488322716,0.0,0.0,0.0
ACL.N0000,2026-01-06,102.0,1688,2252559,4.6568627450980395,5507783.0,5507783.0,1.0,1334.454383886256,0.0,0.0,0.0
CDB.N0000,2026-01-06,382.25,12,3206,1.3080444735120993,2141.0,2141.0,1.0,267.1666666666667,0.0,0.0,0.0
CARS.N0000,2026-01-06,779.25,12,2655,2.823227462303497,3340.6666666666665,3340.6666666666665,1.0,221.25,0.0,0.0,0.0
ABAN.N0000,2026-01-06,1396.5,41,304,4.887218045112782,6325.666666666667,6325.666666666667,1.0,7.414634146341464,0.0,0.0,0.0
SDF.N0000,2026-01-06,44.0,119,140755,7.954545454545454,50814.333333333336,50814.333333333336,1.0,1182.81512605042,0.0,0.0,0.0
VONE.N0000,2026-01-06,102.0,86,51204,1.2254901960784315,226905.0,226905.0,1.0,595.3953488372093,0.0,0.0,0.0
CARG.N0000,2026-01-06,770.0,19,472,3.9285714285714284,1184.6666666666667,1184.6666666666667,1.0,24.842105263157894,0.0,0.0,0.0
CBNK.N0000,2026-01-06,9.8,169,1281970,3.0612244897959253,738614.6666666666,738614.6666666666,1.0,7585.621301775148,0.0,0.0,0.0
ABL.N0000,2026-01-06,30.5,215,331024,4.590163934426236,285547.0,285547.0,1.0,1539.6465116279069,0.0,0.0,0.0
VPEL.N0000,2026-01-06,15.9,109,152372,6.289308176100629,543120.0,543120.0,1.0,1397.908256880734,0.0,0.0,0.0
SEMB.N0000,2026-01-06,0.7,78,1787363,14.285714285714299,1776461.6666666667,1776461.6666666667,1.0,22914.910256410258,0.0,0.0,0.0
SCAP.N0000,2026-01-06,5.2,57,171124,3.8461538461538494,205600.66666666666,205600.66666666666,1.0,3002.1754385964914,0.0,0.0,0.0
CARE.N0000,2026-01-06,59.5,25,55206,6.722689075630252,77921.66666666667,77921.66666666667,1.0,2208.24,0.0,0.0,0.0
VLL.X0000,2026-01-06,19.9,50,103209,8.040201005025116,43976.0,43976.0,1.0,2064.18,0.0,0.0,0.0
SEMB.X0000,2026-01-06,0.3,28,2604553,33.33333333333335,1493800.3333333333,1493800.3333333333,1.0,93019.75,0.0,0.0,0.0
CALT.N0000,2026-01-06,54.6,329,233386,1.0989010989011014,228547.0,228547.0,1.0,709.3799392097264,0.0,0.0,0.0
ACAP.N0000,2026-01-06,6.8,79,131723,4.411764705882351,417194.6666666667,417194.6666666667,1.0,1667.379746835443,0.0,0.0,0.0
CCS.N0000,2026-01-06,112.25,98,73540,1.55902004454343,104691.33333333333,104691.33333333333,1.0,750.4081632653061,0.0,0.0,0.0
SAMP.N0000,2026-01-06,151.25,863,1360854,2.1487603305785123,759164.6666666666,759164.6666666666,1.0,1576.8876013904983,0.0,0.0,0.0
AAIC.N0000,2026-01-06,74.4,240,247532,2.4193548387096735,162598.0,162598.0,1.0,1031.3833333333334,0.0,0.0,0.0
SERV.N0000,2026-01-06,21.1,98,581096,5.687203791469191,839821.3333333334,839821.3333333334,1.0,5929.551020408163,0.0,0.0,0.0
CALI.U0000,2026-01-06,14.4,1,10,0.0,769.3333333333334,769.3333333333334,1.0,10.0,0.0,0.0,0.0
WAPO.N0000,2026-01-06,105.75,215,191832,8.41607565011821,121047.33333333333,121047.33333333333,1.0,892.2418604651162,0.0,0.0,0.0
VLL.N0000,2026-01-06,25.0,316,923745,5.599999999999994,655883.3333333334,655883.3333333334,1.0,2923.243670886076,0.0,0.0,0.0
SEYB.N0000,2026-01-06,109.0,62,73365,1.834862385321101,34386.0,34386.0,1.0,1183.3064516129032,0.0,0.0,0.0
CALH.N0000,2026-01-06,18.2,225,2799666,1.6483516483516327,1579314.6666666667,1579314.6666666667,1.0,12442.96,0.0,0.0,0.0
UDPL.N0000,2026-01-06,161.5,31,6482,6.191950464396285,3097.0,3097.0,1.0,209.09677419354838,0.0,0.0,0.0
BPPL.N0000,2026-01-06,20.2,62,67326,1.9801980198019733,64795.333333333336,64795.333333333336,1.0,1085.9032258064517,0.0,0.0,0.0
BRWN.N0000,2026-01-06,165.75,83,28792,0.904977375565611,14270.666666666666,14270.666666666666,1.0,346.89156626506025,0.0,0.0,0.0
AHPL.N0000,2026-01-06,59.7,24,7443,5.025125628140703,35347.666666666664,35347.666666666664,1.0,310.125,0.0,0.0,0.0
AUTO.N0000,2026-01-06,215.5,23,982,8.816705336426914,716.3333333333334,716.3333333333334,1.0,42.69565217391305,0.0,0.0,0.0
STAF.N0000,2026-01-06,59.9,33,27072,2.003338898163611,39620.666666666664,39620.666666666664,1.0,820.3636363636364,0.0,0.0,0.0
TRAN.N0000,2026-01-06,61.4,2,42,0.0,516.6666666666666,516.6666666666666,1.0,21.0,0.0,0.0,0.0
AHUN.N0000,2026-01-06,121.25,64,142121,2.4742268041237114,113904.0,113904.0,1.0,2220.640625,0.0,0.0,0.0
RIL.N0000,2026-01-06,35.0,260,903677,4.571428571428576,2554981.3333333335,2554981.3333333335,1.0,3475.6807692307693,0.0,0.0,0.0
SUN.N0000,2026-01-06,35.4,254,524850,1.4124293785310735,615454.6666666666,615454.6666666666,1.0,2066.3385826771655,0.0,0.0,0.0
ATL.N0000,2026-01-06,25.8,67,149083,8.91472868217053,284770.6666666667,284770.6666666667,1.0,2225.1194029850744,0.0,0.0,0.0
TPL.N0000,2026-01-06,149.75,50,5576,1.335559265442404,5568.333333333333,5568.333333333333,1.0,111.52,0.0,0.0,0.0
SWAD.N0000,2026-01-06,15000.0,1,1,0.0,1.0,1.0,1.0,1.0,0.0,0.0,0.0
AINS.N0000,2026-01-06,35.5,5,671,4.225352112676056,2597.3333333333335,2597.3333333333335,1.0,134.2,0.0,0.0,0.0
ASPH.N0000,2026-01-06,0.4,67,4022845,24.999999999999993,1660886.6666666667,1660886.6666666667,1.0,60042.46268656717,0.0,0.0,0.0
TAFL.N0000,2026-01-06,707.75,499,253742,10.45566937477923,87832.33333333333,87832.33333333333,1.0,508.501002004008,0.0,0.0,0.0
ASIY.N0000,2026-01-06,11.3,929,6891514,19.46902654867256,2539228.6666666665,2539228.6666666665,1.0,7418.206673842842,0.0,0.0,0.0
SPEN.N0000,2026-01-06,159.0,53,35949,2.515723270440252,109688.0,109688.0,1.0,678.2830188679245,0.0,0.0,0.0
TKYO.X0000,2026-01-06,96.0,213,757508,1.8750000000000118,688838.6666666666,688838.6666666666,1.0,3556.37558685446,0.0,0.0,0.0
ALLI.N0000,2026-01-06,375.25,53,28311,2.8647568287808127,11100.0,11100.0,1.0,534.1698113207547,0.0,0.0,0.0
ASIR.N0000,2026-01-06,30.6,73,69644,4.901960784313726,70254.33333333333,70254.33333333333,1.0,954.027397260274,0.0,0.0,0.0
TANG.N0000,2026-01-06,129.25,2,42,0.0,1957.3333333333333,1957.3333333333333,1.0,21.0,0.0,0.0,0.0
TKYO.N0000,2026-01-06,114.25,147,497380,0.6564551422319475,708788.0,708788.0,1.0,3383.5374149659865,0.0,0.0,0.0
ASHO.N0000,2026-01-06,3984.5,39,391,3.262642740619902,595.0,595.0,1.0,10.025641025641026,0.0,0.0,0.0
TAP.N0000,2026-01-06,42.0,511,1229018,5.476190476190469,650208.6666666666,650208.6666666666,1.0,2405.123287671233,0.0,0.0,0.0
ALUM.N0000,2026-01-06,21.7,186,350238,3.2258064516129004,1668507.3333333333,1668507.3333333333,1.0,1883.0,0.0,0.0,0.0
ASCO.N0000,2026-01-06,47.1,259,818525,2.335456475583852,1275270.3333333333,1275270.3333333333,1.0,3160.3281853281856,0.0,0.0,0.0
TESS.N0000,2026-01-06,1.5,53,773783,6.666666666666672,446651.3333333333,446651.3333333333,1.0,14599.67924528302,0.0,0.0,0.0
TJL.N0000,2026-01-06,34.5,177,149906,0.5797101449275445,320011.6666666667,320011.6666666667,1.0,846.9265536723163,0.0,0.0,0.0
APLA.N0000,2026-01-06,190.0,379,61086,5.921052631578947,129334.0,129334.0,1.0,161.17678100263853,0.0,0.0,0.0
TESS.X0000,2026-01-06,1.2,10,25146,8.333333333333323,154145.0,154145.0,1.0,2514.6,0.0,0.0,0.0
AMF.N0000,2026-01-06,68.6,76,13901,4.810495626822154,20707.666666666668,20707.666666666668,1.0,182.9078947368421,0.0,0.0,0.0
AMSL.N0000,2026-01-06,13.8,22,3128,2.173913043478266,17103.333333333332,17103.333333333332,1.0,142.1818181818182,0.0,0.0,0.0
TAJ.N0000,2026-01-06,41.5,5,135,4.578313253012045,1309.3333333333333,1309.3333333333333,1.0,27.0,0.0,0.0,0.0
BALA.N0000,2026-01-06,70.0,110,64485,2.428571428571433,31308.333333333332,31308.333333333332,1.0,586.2272727272727,0.0,0.0,0.0
TSML.N0000,2026-01-06,49.9,29,7507,5.811623246492983,7682.666666666667,7682.666666666667,1.0,258.86206896551727,0.0,0.0,0.0
SOY.N0000,2026-01-06,2148.25,25,287,13.45281042709182,308.0,308.0,1.0,11.48,0.0,0.0,0.0
AFS.N0000,2026-01-06,29.5,177,543738,7.796610169491528,242205.66666666666,242205.66666666666,1.0,3071.9661016949153,0.0,0.0,0.0
SHOT.N0000,2026-01-06,21.8,9,1422,3.2110091743119233,40784.0,40784.0,1.0,158.0,0.0,0.0,0.0
BRR.N0000,2026-01-06,23.0,11,1496,0.4347826086956583,857.0,857.0,1.0,136.0,0.0,0.0,0.0
UCAR.N0000,2026-01-06,1403.75,11,166,2.5645592163846835,166.66666666666666,166.66666666666666,1.0,15.090909090909092,0.0,0.0,0.0
SHOT.X0000,2026-01-06,14.1,41,151676,4.255319148936168,77689.33333333333,77689.33333333333,1.0,3699.4146341463415,0.0,0.0,0.0
BREW.N0000,2026-01-06,2529.0,4,21,2.530644523527086,60.666666666666664,60.666666666666664,1.0,5.25,0.0,0.0,0.0
AFSL.N0000,2026-01-06,73.3,9,607,5.320600272851304,9846.666666666666,9846.666666666666,1.0,67.44444444444444,0.0,0.0,0.0
SIGV.N0000,2026-01-06,149.75,213,129988,10.18363939899833,69701.0,69701.0,1.0,610.2723004694835,0.0,0.0,0.0
TILE.N0000,2026-01-06,51.3,98,22539,3.7037037037037015,115959.66666666667,115959.66666666667,1.0,229.98979591836735,0.0,0.0,0.0
UBF.N0000,2026-01-06,3.3,81,691361,6.0606060606060534,1350903.3333333333,1350903.3333333333,1.0,8535.32098765432,0.0,0.0,0.0
SIL.N0000,2026-01-06,344.5,25,925,15.674891146589259,451.0,451.0,1.0,37.0,0.0,0.0,0.0
BOPL.N0000,2026-01-06,78.4,6,1046,0.5102040816326603,1180.6666666666667,1180.6666666666667,1.0,174.33333333333334,0.0,0.0,0.0
AGAL.N0000,2026-01-06,54.3,77,81724,6.629834254143649,52806.0,52806.0,1.0,1061.3506493506493,0.0,0.0,0.0
SINH.N0000,2026-01-06,11.1,167,1878270,8.10810810810811,684888.6666666666,684888.6666666666,1.0,11247.125748502995,0.0,0.0,0.0
BOGA.N0000,2026-01-06,156.0,374,78781,8.333333333333332,108052.66666666667,108052.66666666667,1.0,210.64438502673798,0.0,0.0,0.0
UBC.N0000,2026-01-06,14.9,65,173661,2.684563758389264,105137.0,105137.0,1.0,2671.7076923076925,0.0,0.0,0.0
AGPL.N0000,2026-01-06,19.9,140,151409,6.030150753768841,114793.0,114793.0,1.0,1081.4928571428572,0.0,0.0,0.0
BBH.N0000,2026-01-06,25.0,11,1371,4.0,19379.666666666668,19379.666666666668,1.0,124.63636363636364,0.0,0.0,0.0
AGST.X0000,2026-01-06,12.1,5,4200,3.3057851239669303,2089.3333333333335,2089.3333333333335,1.0,840.0,0.0,0.0,0.0
SMOT.N0000,2026-01-06,1649.75,34,4615,1.606303985452341,3103.3333333333335,3103.3333333333335,1.0,135.73529411764707,0.0,0.0,0.0
BERU.N0000,2026-01-06,3.8,88,740242,2.631578947368424,373854.0,373854.0,1.0,8411.84090909091,0.0,0.0,0.0
TYRE.N0000,2026-01-06,90.0,63,19963,0.22222222222222537,29200.666666666668,29200.666666666668,1.0,316.87301587301585,0.0,0.0,0.0
SLTL.N0000,2026-01-06,87.8,303,343271,6.947608200455574,152200.66666666666,152200.66666666666,1.0,1132.907590759076,0.0,0.0,0.0
SHL.N0000,2026-01-06,5.7,98,179566,3.5087719298245648,113991.66666666667,113991.66666666667,1.0,1832.3061224489795,0.0,0.0,0.0
BFL.N0000,2026-01-06,97.2,1153,1265703,9.15637860082305,556293.6666666666,556293.6666666666,1.0,1097.7476149176061,0.0,0.0,0.0
SLND.N0000,2026-01-06,1710.25,3,15,2.397310334746382,8.0,8.0,1.0,5.0,0.0,0.0,0.0
BFN.N0000,2026-01-06,40.0,21,12771,2.5,7633.333333333333,7633.333333333333,1.0,608.1428571428571,0.0,0.0,0.0
UAL.N0000,2026-01-06,80.7,45,57275,3.717472118959108,30922.333333333332,30922.333333333332,1.0,1272.7777777777778,0.0,0.0,0.0
SIRA.N0000,2026-01-06,36.3,642,2832746,3.3057851239669303,5956714.666666667,5956714.666666667,1.0,4412.376947040499,0.0,0.0,0.0
BIL.N0000,2026-01-06,6.7,380,4799632,2.9850746268656745,3768417.6666666665,3768417.6666666665,1.0,12630.61052631579,0.0,0.0,0.0
SINS.N0000,2026-01-06,89.0,87,113301,0.7865168539325874,143129.0,143129.0,1.0,1302.3103448275863,0.0,0.0,0.0
AGST.N0000,2026-01-06,9.3,93,887086,3.2258064516129106,733139.0,733139.0,1.0,9538.559139784946,0.0,0.0,0.0
ATLL.N0000,2026-01-06,35.3,55,33596,5.6657223796034,19973.666666666668,19973.666666666668,1.0,610.8363636363637,0.0,0.0,0.0
CIT.N0000,2026-01-06,493.25,7,293,4.054738976178409,670.0,670.0,1.0,41.857142857142854,0.0,0.0,0.0
RICH.N0000,2026-01-06,42.9,96,143379,3.962703962703953,242981.33333333334,242981.33333333334,1.0,1493.53125,0.0,0.0,0.0
LPL.X0000,2026-01-06,10.1,43,118580,2.9702970297029774,184879.33333333334,184879.33333333334,1.0,2757.6744186046512,0.0,0.0,0.0
GLAS.N0000,2026-01-06,55.0,15,12634,0.3636363636363688,24067.0,24067.0,1.0,842.2666666666667,0.0,0.0,0.0
LPL.N0000,2026-01-06,14.1,54,109019,2.8368794326241162,98023.33333333333,98023.33333333333,1.0,2018.8703703703704,0.0,0.0,0.0
GRAN.N0000,2026-01-06,468.5,598,325620,12.593383137673426,121596.66666666667,121596.66666666667,1.0,544.5150501672241,0.0,0.0,0.0
LOLC.N0000,2026-01-06,567.0,188,75423,2.954144620811287,32046.333333333332,32046.333333333332,1.0,401.18617021276594,0.0,0.0,0.0
GREG.N0000,2026-01-06,155.25,88,23367,5.152979066022544,15346.666666666666,15346.666666666666,1.0,265.53409090909093,0.0,0.0,0.0
LOFC.N0000,2026-01-06,5.8,161,888430,3.448275862068969,2918360.6666666665,2918360.6666666665,1.0,5518.198757763975,0.0,0.0,0.0
GUAR.N0000,2026-01-06,279.5,22,2214,0.9838998211091234,8084.666666666667,8084.666666666667,1.0,100.63636363636364,0.0,0.0,0.0
LMF.N0000,2026-01-06,70.7,278,880037,1.9801980198019882,795531.0,795531.0,1.0,3165.6007194244603,0.0,0.0,0.0
HAPU.N0000,2026-01-06,54.4,11,266,1.8382352941176472,2595.3333333333335,2595.3333333333335,1.0,24.181818181818183,0.0,0.0,0.0
LLUB.N0000,2026-01-06,190.75,155,63591,0.9174311926605505,86062.0,86062.0,1.0,410.26451612903224,0.0,0.0,0.0
HARI.N0000,2026-01-06,4974.0,47,301,1.0052271813429836,198.33333333333334,198.33333333333334,1.0,6.404255319148936,0.0,0.0,0.0
LITE.N0000,2026-01-06,56.7,31,13022,9.171075837742498,7130.333333333333,7130.333333333333,1.0,420.06451612903226,0.0,0.0,0.0
HASU.N0000,2026-01-06,110.0,33,9539,1.3636363636363635,12439.0,12439.0,1.0,289.06060606060606,0.0,0.0,0.0
LION.N0000,2026-01-06,1709.25,11,114,1.7405294719906392,197.66666666666666,197.66666666666666,1.0,10.363636363636363,0.0,0.0,0.0
HAYC.N0000,2026-01-06,115.25,169,323379,1.3015184381778742,204795.66666666666,204795.66666666666,1.0,1913.4852071005917,0.0,0.0,0.0
LIOC.N0000,2026-01-06,132.0,84,52690,1.7045454545454544,167546.0,167546.0,1.0,627.2619047619048,0.0,0.0,0.0
GHLL.N0000,2026-01-06,18.6,24,116442,2.1505376344085945,73774.0,73774.0,1.0,4851.75,0.0,0.0,0.0
LPRT.N0000,2026-01-06,460.0,7,16,4.3478260869565215,9.0,9.0,1.0,2.2857142857142856,0.0,0.0,0.0
GEST.N0000,2026-01-06,249.75,41,8200,6.806806806806807,2909.3333333333335,2909.3333333333335,1.0,200.0,0.0,0.0,0.0
LUMX.N0000,2026-01-06,6.7,26,100366,2.9850746268656745,59475.0,59475.0,1.0,3860.230769230769,0.0,0.0,0.0
MBSL.N0000,2026-01-06,11.5,128,410133,6.956521739130425,472152.0,472152.0,1.0,3204.1640625,0.0,0.0,0.0
EBCR.N0000,2026-01-06,69.0,101,191318,3.0434782608695774,97588.66666666667,97588.66666666667,1.0,1894.2376237623762,0.0,0.0,0.0
MASK.N0000,2026-01-06,81.6,16,3920,2.573529411764699,11163.666666666666,11163.666666666666,1.0,245.0,0.0,0.0,0.0
ECL.N0000,2026-01-06,17.2,50,63623,8.720930232558139,30990.666666666668,30990.666666666668,1.0,1272.46,0.0,0.0,0.0
MARA.N0000,2026-01-06,7.0,27,214503,1.4285714285714235,183602.66666666666,183602.66666666666,1.0,7944.555555555556,0.0,0.0,0.0
EDEN.N0000,2026-01-06,13.3,59,122746,3.7593984962406015,146713.66666666666,146713.66666666666,1.0,2080.4406779661017,0.0,0.0,0.0
MAL.X0000,2026-01-06,42.6,2,91,2.1126760563380245,71.0,71.0,1.0,45.5,0.0,0.0,0.0
ELPL.N0000,2026-01-06,178.0,77,26094,5.617977528089887,13633.333333333334,13633.333333333334,1.0,338.8831168831169,0.0,0.0,0.0
HAYL.N0000,2026-01-06,205.75,422,395523,3.0376670716889427,234123.0,234123.0,1.0,937.2582938388625,0.0,0.0,0.0
MAL.N0000,2026-01-06,57.7,4,1263,3.292894280762562,459.6666666666667,459.6666666666667,1.0,315.75,0.0,0.0,0.0
MADU.N0000,2026-01-06,12.0,8,2143,2.500000000000006,18249.333333333332,18249.333333333332,1.0,267.875,0.0,0.0,0.0
EML.N0000,2026-01-06,4.8,40,173206,4.1666666666666705,106029.66666666667,106029.66666666667,1.0,4330.15,0.0,0.0,0.0
LWL.N0000,2026-01-06,52.3,51,29158,3.6328871892925405,44933.0,44933.0,1.0,571.7254901960785,0.0,0.0,0.0
ETWO.N0000,2026-01-06,79.2,19,11441,4.040404040404043,21612.0,21612.0,1.0,602.1578947368421,0.0,0.0,0.0
LVEN.N0000,2026-01-06,70.0,38,23851,6.9999999999999885,21894.333333333332,21894.333333333332,1.0,627.6578947368421,0.0,0.0,0.0
EXT.N0000,2026-01-06,7.0,30,80164,7.142857142857142,56849.0,56849.0,1.0,2672.133333333333,0.0,0.0,0.0
LVEF.N0000,2026-01-06,10.2,355,2720285,5.8823529411764675,3491026.6666666665,3491026.6666666665,1.0,7662.774647887324,0.0,0.0,0.0
FCT.N0000,2026-01-06,37.6,359,343458,1.5957446808510676,357764.0,357764.0,1.0,956.7075208913649,0.0,0.0,0.0
EMER.N0000,2026-01-06,11.5,155,477617,7.826086956521743,415432.0,415432.0,1.0,3081.4,0.0,0.0,0.0
LHL.N0000,2026-01-06,84.4,14,2217,2.9620853080568716,1499.3333333333333,1499.3333333333333,1.0,158.35714285714286,0.0,0.0,0.0
HBS.N0000,2026-01-06,18.7,374,2232266,8.556149732620309,1364939.3333333333,1364939.3333333333,1.0,5968.625668449198,0.0,0.0,0.0
LHCL.N0000,2026-01-06,104.25,27,5247,2.877697841726619,5459.333333333333,5459.333333333333,1.0,194.33333333333334,0.0,0.0,0.0
HSIG.N0000,2026-01-06,98.2,40,7561,1.0183299389002036,6096.0,6096.0,1.0,189.025,0.0,0.0,0.0
KPHL.N0000,2026-01-06,11.2,26,46348,3.5714285714285747,78452.66666666667,78452.66666666667,1.0,1782.6153846153845,0.0,0.0,0.0
HUNA.N0000,2026-01-06,19.8,44,167030,4.040404040404043,74450.33333333333,74450.33333333333,1.0,3796.1363636363635,0.0,0.0,0.0
KOTA.N0000,2026-01-06,9.8,126,521016,4.081632653061227,385958.3333333333,385958.3333333333,1.0,4135.047619047619,0.0,0.0,0.0
HUNT.N0000,2026-01-06,1253.25,13,194,4.747656094155197,107.0,107.0,1.0,14.923076923076923,0.0,0.0,0.0
KHL.N0000,2026-01-06,22.9,138,492760,4.366812227074236,333365.6666666667,333365.6666666667,1.0,3570.7246376811595,0.0,0.0,0.0
HVA.N0000,2026-01-06,3.5,15,25132,5.71428571428572,60059.333333333336,60059.333333333336,1.0,1675.4666666666667,0.0,0.0,0.0
KHC.N0000,2026-01-06,18.1,44,73411,6.07734806629833,50658.333333333336,50658.333333333336,1.0,1668.4318181818182,0.0,0.0,0.0
KVAL.N0000,2026-01-06,92.3,22,1938,0.5417118093174431,5208.333333333333,5208.333333333333,1.0,88.0909090909091,0.0,0.0,0.0
INME.N0000,2026-01-06,1816.75,43,203,6.054768129902298,80.66666666666667,80.66666666666667,1.0,4.72093023255814,0.0,0.0,0.0
JAT.N0000,2026-01-06,48.9,259,455472,3.476482617586918,521123.6666666667,521123.6666666667,1.0,1758.5791505791506,0.0,0.0,0.0
KFP.N0000,2026-01-06,171.0,3,28,0.5847953216374269,23.333333333333332,23.333333333333332,1.0,9.333333333333334,0.0,0.0,0.0
JETS.N0000,2026-01-06,19.8,179,263059,4.545454545454538,639872.6666666666,639872.6666666666,1.0,1469.6033519553073,0.0,0.0,0.0
KCAB.N0000,2026-01-06,143.75,328,294298,4.173913043478262,1056358.3333333333,1056358.3333333333,1.0,897.25,0.0,0.0,0.0
JFP.N0000,2026-01-06,16.4,713,3118093,9.75609756097561,2224152.0,2224152.0,1.0,4373.201963534362,0.0,0.0,0.0
KAHA.N0000,2026-01-06,20.7,40,7311,4.830917874396135,6745.333333333333,6745.333333333333,1.0,182.775,0.0,0.0,0.0
JINS.N0000,2026-01-06,133.75,109,31112,1.3084112149532712,48301.0,48301.0,1.0,285.43119266055044,0.0,0.0,0.0
JKL.N0000,2026-01-06,82.5,11,254,2.30303030303031,1776.6666666666667,1776.6666666666667,1.0,23.09090909090909,0.0,0.0,0.0
KGAL.N0000,2026-01-06,142.5,6,401,3.1578947368421053,462.0,462.0,1.0,66.83333333333333,0.0,0.0,0.0
EAST.N0000,2026-01-06,72.2,171,304691,4.1551246537396125,560985.6666666666,560985.6666666666,1.0,1781.8187134502923,0.0,0.0,0.0
HPL.N0000,2026-01-06,26.3,50,10951,2.281368821292781,20922.333333333332,20922.333333333332,1.0,219.02,0.0,0.0,0.0
HPFL.N0000,2026-01-06,14.2,16,27020,1.4084507042253471,37059.0,37059.0,1.0,1688.75,0.0,0.0,0.0
HDFC.N0000,2026-01-06,61.1,426,1116338,7.855973813420618,409629.3333333333,409629.3333333333,1.0,2620.5117370892017,0.0,0.0,0.0
LGL.X0000,2026-01-06,63.0,103,330293,6.6666666666666705,606674.6666666666,606674.6666666666,1.0,3206.7281553398057,0.0,0.0,0.0
HELA.N0000,2026-01-06,3.2,88,302743,3.124999999999989,1241787.0,1241787.0,1.0,3440.2613636363635,0.0,0.0,0.0
LGL.N0000,2026-01-06,78.0,564,2318884,3.8461538461538463,2413025.0,2413025.0,1.0,4111.49645390071,0.0,0.0,0.0
HEXP.N0000,2026-01-06,106.0,297,195535,4.952830188679245,263205.3333333333,263205.3333333333,1.0,658.3670033670033,0.0,0.0,0.0
LGIL.N0000,2026-01-06,8.4,23,21221,3.5714285714285796,61248.666666666664,61248.666666666664,1.0,922.6521739130435,0.0,0.0,0.0
HHL.N0000,2026-01-06,35.5,523,1481241,3.380281690140853,1232016.0,1232016.0,1.0,2832.2007648183558,0.0,0.0,0.0
LFIN.N0000,2026-01-06,158.25,96,74822,3.3175355450236967,84111.66666666667,84111.66666666667,1.0,779.3958333333334,0.0,0.0,0.0
KZOO.N0000,2026-01-06,12.0,148,1654083,4.166666666666666,1438893.6666666667,1438893.6666666667,1.0,11176.236486486487,0.0,0.0,0.0
HNB.N0000,2026-01-06,417.5,358,190693,4.790419161676647,120506.0,120506.0,1.0,532.6620111731844,0.0,0.0,0.0
HNB.X0000,2026-01-06,329.75,258,457030,3.0326004548900682,226673.66666666666,226673.66666666666,1.0,1771.4341085271317,0.0,0.0,0.0
LCEY.N0000,2026-01-06,45.0,81,33523,3.777777777777768,42846.666666666664,42846.666666666664,1.0,413.8641975308642,0.0,0.0,0.0
HNBF.N0000,2026-01-06,7.9,176,867577,7.594936708860765,1055372.6666666667,1055372.6666666667,1.0,4929.414772727273,0.0,0.0,0.0
LCBF.N0000,2026-01-06,8.3,339,6127980,6.024096385542168,2985567.3333333335,2985567.3333333335,1.0,18076.63716814159,0.0,0.0,0.0
HNBF.X0000,2026-01-06,7.6,86,220998,6.578947368421052,197691.66666666666,197691.66666666666,1.0,2569.7441860465115,0.0,0.0,0.0
LAMB.N0000,2026-01-06,1283.5,14,191,1.5582391897156214,184.0,184.0,1.0,13.642857142857142,0.0,0.0,0.0
HOPL.N0000,2026-01-06,53.1,15,5083,3.201506591337105,4471.666666666667,4471.666666666667,1.0,338.8666666666667,0.0,0.0,0.0
LALU.N0000,2026-01-06,49.0,64,107193,4.081632653061225,166574.33333333334,166574.33333333334,1.0,1674.890625,0.0,0.0,0.0
LDEV.N0000,2026-01-06,23.9,78,116269,4.1841004184100425,83162.0,83162.0,1.0,1490.628205128205,0.0,0.0,0.0
MCPL.N0000,2026-01-06,57.0,118,92740,8.771929824561402,49920.666666666664,49920.666666666664,1.0,785.9322033898305,0.0,0.0,0.0
DPL.N0000,2026-01-06,17.5,59,45270,3.4285714285714364,82869.66666666667,82869.66666666667,1.0,767.2881355932203,0.0,0.0,0.0
MDL.N0000,2026-01-06,21.9,154,415639,18.264840182648403,290937.6666666667,290937.6666666667,1.0,2698.9545454545455,0.0,0.0,0.0
CINS.X0000,2026-01-06,1784.0,9,123,0.5605381165919282,123.66666666666667,123.66666666666667,1.0,13.666666666666666,0.0,0.0,0.0
PMB.N0000,2026-01-06,13.7,67,58412,5.109489051094899,77801.66666666667,77801.66666666667,1.0,871.820895522388,0.0,0.0,0.0
CINV.N0000,2026-01-06,129.5,67,23220,3.474903474903475,40067.0,40067.0,1.0,346.56716417910445,0.0,0.0,0.0
PLR.N0000,2026-01-06,34.8,351,1390149,3.1609195402298895,3789247.3333333335,3789247.3333333335,1.0,3960.5384615384614,0.0,0.0,0.0
JKH.N0000,2026-01-06,22.1,582,4271638,2.7149321266968225,2867484.3333333335,2867484.3333333335,1.0,7339.584192439863,0.0,0.0,0.0
PLC.N0000,2026-01-06,25.2,118,269526,2.3809523809523867,278094.0,278094.0,1.0,2284.1186440677966,0.0,0.0,0.0
CITH.N0000,2026-01-06,4.0,73,660193,5.000000000000004,1709538.0,1709538.0,1.0,9043.739726027397,0.0,0.0,0.0
PKME.N0000,2026-01-06,155.0,185,608044,2.4193548387096775,365749.0,365749.0,1.0,3286.7243243243242,0.0,0.0,0.0
RAL.N0000,2026-01-06,13.5,1988,24139683,6.66666666666667,15403123.0,15403123.0,1.0,12142.6976861167,0.0,0.0,0.0
CITW.N0000,2026-01-06,2.0,40,358499,5.000000000000004,1184975.6666666667,1184975.6666666667,1.0,8962.475,0.0,0.0,0.0
CLND.N0000,2026-01-06,48.8,60,144137,2.8688524590163906,253273.0,253273.0,1.0,2402.2833333333333,0.0,0.0,0.0
PHAR.N0000,2026-01-06,147.75,26,4527,5.922165820642978,6012.333333333333,6012.333333333333,1.0,174.1153846153846,0.0,0.0,0.0
COCO.N0000,2026-01-06,54.1,251,522173,3.696857670979667,560277.3333333334,560277.3333333334,1.0,2080.370517928287,0.0,0.0,0.0
PEG.N0000,2026-01-06,45.5,10,1046,2.197802197802198,2056.3333333333335,2056.3333333333335,1.0,104.6,0.0,0.0,0.0
COCO.X0000,2026-01-06,46.3,52,52228,1.943844492440602,112741.66666666667,112741.66666666667,1.0,1004.3846153846154,0.0,0.0,0.0
PARQ.N0000,2026-01-06,94.0,117,159769,2.553191489361708,270983.6666666667,270983.6666666667,1.0,1365.5470085470085,0.0,0.0,0.0
COCR.N0000,2026-01-06,130.25,246,151862,1.9193857965451053,148488.66666666666,148488.66666666666,1.0,617.3252032520326,0.0,0.0,0.0
PARA.N0000,2026-01-06,167.0,3,22,0.14970059880239522,415.0,415.0,1.0,7.333333333333333,0.0,0.0,0.0
PINS.N0000,2026-01-06,32.5,28,95075,4.615384615384616,67451.0,67451.0,1.0,3395.535714285714,0.0,0.0,0.0
PAP.N0000,2026-01-06,25.7,114,324904,3.1128404669260727,371386.6666666667,371386.6666666667,1.0,2850.035087719298,0.0,0.0,0.0
CINS.N0000,2026-01-06,3229.25,8,105,9.166215065417667,59.5,59.5,1.0,13.125,0.0,0.0,0.0
CIND.N0000,2026-01-06,270.0,105,96126,1.8518518518518516,99815.0,99815.0,1.0,915.4857142857143,0.0,0.0,0.0
CFIN.N0000,2026-01-06,278.25,148,282630,1.7969451931716083,126123.66666666667,126123.66666666667,1.0,1909.662162162162,0.0,0.0,0.0
RHTL.N0000,2026-01-06,29.9,2,1128,0.0,6462.0,6462.0,1.0,564.0,0.0,0.0,0.0
CFLB.N0000,2026-01-06,78.0,19,466,2.3076923076923226,3077.6666666666665,3077.6666666666665,1.0,24.526315789473685,0.0,0.0,0.0
RHL.X0000,2026-01-06,42.0,50,164218,4.761904761904762,73108.33333333333,73108.33333333333,1.0,3284.36,0.0,0.0,0.0
CFVF.N0000,2026-01-06,62.8,177,86702,1.2738853503184668,196530.66666666666,196530.66666666666,1.0,489.84180790960454,0.0,0.0,0.0
RHL.N0000,2026-01-06,49.1,135,1767460,4.887983706720974,830466.6666666666,830466.6666666666,1.0,13092.296296296296,0.0,0.0,0.0
CHL.N0000,2026-01-06,269.75,19,5527,0.3707136237256719,24237.333333333332,24237.333333333332,1.0,290.89473684210526,0.0,0.0,0.0
RGEM.N0000,2026-01-06,91.5,92,15558,4.480874316939885,10650.0,10650.0,1.0,169.1086956521739,0.0,0.0,0.0
RCH.N0000,2026-01-06,240.25,20,5065,3.537981269510926,6889.666666666667,6889.666666666667,1.0,253.25,0.0,0.0,0.0
CHL.X0000,2026-01-06,211.0,15,13491,1.3033175355450237,6665.333333333333,6665.333333333333,1.0,899.4,0.0,0.0,0.0
CHMX.N0000,2026-01-06,174.75,28,11232,2.8612303290414878,6017.333333333333,6017.333333333333,1.0,401.14285714285717,0.0,0.0,0.0
REXP.N0000,2026-01-06,394.0,16,3078,3.8705583756345177,4852.666666666667,4852.666666666667,1.0,192.375,0.0,0.0,0.0
CHOT.N0000,2026-01-06,42.1,48,62951,2.375296912114014,84785.0,84785.0,1.0,1311.4791666666667,0.0,0.0,0.0
RENU.N0000,2026-01-06,849.5,24,1232,4.8557975279576215,820.3333333333334,820.3333333333334,1.0,51.333333333333336,0.0,0.0,0.0
CIC.N0000,2026-01-06,36.6,472,2324204,4.918032786885238,1131305.6666666667,1131305.6666666667,1.0,4924.161016949152,0.0,0.0,0.0
REEF.N0000,2026-01-06,4.4,49,224365,6.818181818181814,294041.3333333333,294041.3333333333,1.0,4578.877551020408,0.0,0.0,0.0
CIC.X0000,2026-01-06,27.4,382,1774883,6.934306569343061,1537746.3333333333,1537746.3333333333,1.0,4646.29057591623,0.0,0.0,0.0
RCL.N0000,2026-01-06,48.5,334,1864186,1.2371134020618586,3072188.3333333335,3072188.3333333335,1.0,5581.395209580838,0.0,0.0,0.0
RFL.N0000,2026-01-06,36.5,26,3573,3.8356164383561606,5354.0,5354.0,1.0,137.42307692307693,0.0,0.0,0.0
CFI.N0000,2026-01-06,435.5,18,624,3.214695752009185,660.3333333333334,660.3333333333334,1.0,34.666666666666664,0.0,0.0,0.0
COLO.N0000,2026-01-06,59.3,47,113264,1.5177065767284967,347136.3333333333,347136.3333333333,1.0,2409.872340425532,0.0,0.0,0.0
PACK.N0000,2026-01-06,14.0,57,124285,2.1428571428571352,93242.33333333333,93242.33333333333,1.0,2180.438596491228,0.0,0.0,0.0
MULL.N0000,2026-01-06,2.1,69,230762,9.52380952380953,132861.33333333334,132861.33333333334,1.0,3344.376811594203,0.0,0.0,0.0
CTLD.N0000,2026-01-06,38.0,22,8722,5.5263157894736885,13181.333333333334,13181.333333333334,1.0,396.45454545454544,0.0,0.0,0.0
MSL.N0000,2026-01-06,494.25,37,735,11.330298431967629,1550.0,1550.0,1.0,19.864864864864863,0.0,0.0,0.0
CWL.N0000,2026-01-06,13.5,10,4218,3.7037037037037033,4484.333333333333,4484.333333333333,1.0,421.8,0.0,0.0,0.0
MRH.N0000,2026-01-06,19.7,3,994,1.5228426395939123,2484.6666666666665,2484.6666666666665,1.0,331.3333333333333,0.0,0.0,0.0
CWM.N0000,2026-01-06,165.75,160,118245,6.033182503770739,63714.333333333336,63714.333333333336,1.0,739.03125,0.0,0.0,0.0
MHDL.N0000,2026-01-06,6.7,15,17477,4.477611940298504,11586.333333333334,11586.333333333334,1.0,1165.1333333333334,0.0,0.0,0.0
DFCC.N0000,2026-01-06,153.25,386,687209,0.9787928221859705,374285.3333333333,374285.3333333333,1.0,1780.3341968911918,0.0,0.0,0.0
CTHR.N0000,2026-01-06,660.5,11,85,2.8009084027252085,439.6666666666667,439.6666666666667,1.0,7.7272727272727275,0.0,0.0,0.0
MGT.N0000,2026-01-06,40.2,103,107311,2.23880597014925,57103.666666666664,57103.666666666664,1.0,1041.8543689320388,0.0,0.0,0.0
MFPE.N0000,2026-01-06,14.0,410,2119331,7.857142857142854,850405.6666666666,850405.6666666666,1.0,5169.1,0.0,0.0,0.0
DIMO.N0000,2026-01-06,2114.0,55,1775,2.838221381267739,1950.0,1950.0,1.0,32.27272727272727,0.0,0.0,0.0
MERC.N0000,2026-01-06,37.5,101,86919,2.666666666666667,187837.66666666666,187837.66666666666,1.0,860.5841584158416,0.0,0.0,0.0
DIPD.N0000,2026-01-06,64.2,235,539470,0.778816199376947,1054435.0,1054435.0,1.0,2295.6170212765956,0.0,0.0,0.0
MELS.N0000,2026-01-06,177.0,123,102793,1.8361581920903955,291738.3333333333,291738.3333333333,1.0,835.7154471544716,0.0,0.0,0.0
DIST.N0000,2026-01-06,62.9,136,488533,1.7488076311605631,341861.3333333333,341861.3333333333,1.0,3592.154411764706,0.0,0.0,0.0
MEL.N0000,2026-01-06,4.1,38,107217,2.4390243902439157,100548.33333333333,100548.33333333333,1.0,2821.5,0.0,0.0,0.0
DOCK.N0000,2026-01-06,151.25,1793,497565,16.363636363636363,542846.6666666666,542846.6666666666,1.0,277.5041829336308,0.0,0.0,0.0
DIAL.N0000,2026-01-06,30.5,232,601839,2.2950819672131124,350345.0,350345.0,1.0,2594.1336206896553,0.0,0.0,0.0
COMB.N0000,2026-01-06,212.5,435,1889951,1.411764705882353,1137686.0,1137686.0,1.0,4344.714942528735,0.0,0.0,0.0
NAMU.N0000,2026-01-06,771.75,536,42875,11.726595400064788,33029.333333333336,33029.333333333336,1.0,79.99067164179104,0.0,0.0,0.0
NDB.N0000,2026-01-06,147.0,360,865128,4.421768707482993,446369.6666666667,446369.6666666667,1.0,2403.133333333333,0.0,0.0,0.0
COMB.X0000,2026-01-06,198.25,192,102855,3.4047919293820934,68332.66666666667,68332.66666666667,1.0,535.703125,0.0,0.0,0.0
PABC.N0000,2026-01-06,64.0,500,848703,7.03125,697370.0,697370.0,1.0,1697.406,0.0,0.0,0.0
COMD.N0000,2026-01-06,283.0,12,1724,2.7385159010600706,876.3333333333334,876.3333333333334,1.0,143.66666666666666,0.0,0.0,0.0
OSEA.N0000,2026-01-06,40.7,174,780480,3.194103194103187,799901.6666666666,799901.6666666666,1.0,4485.517241379311,0.0,0.0,0.0
CONN.N0000,2026-01-06,40.8,36,66627,3.4313725490196045,46956.0,46956.0,1.0,1850.75,0.0,0.0,0.0
ONAL.N0000,2026-01-06,42.2,42,15871,11.137440758293844,12519.0,12519.0,1.0,377.8809523809524,0.0,0.0,0.0
COOP.N0000,2026-01-06,4.5,131,1175001,4.444444444444429,2872744.3333333335,2872744.3333333335,1.0,8969.473282442748,0.0,0.0,0.0
CPRT.N0000,2026-01-06,670.0,3,3,5.895522388059701,28.0,28.0,1.0,1.0,0.0,0.0,0.0
CTEA.N0000,2026-01-06,1226.0,21,97,5.118270799347472,91.33333333333333,91.33333333333333,1.0,4.619047619047619,0.0,0.0,0.0
OFEQ.N0000,2026-01-06,321.5,2,12,5.909797822706065,301.6666666666667,301.6666666666667,1.0,6.0,0.0,0.0,0.0
ODEL.N0000,2026-01-06,11.6,8,813,3.448275862068969,8723.0,8723.0,1.0,101.625,0.0,0.0,0.0
CSD.N0000,2026-01-06,30.2,110,194201,4.304635761589407,107159.66666666667,107159.66666666667,1.0,1765.4636363636364,0.0,0.0,0.0
CSLK.N0000,2026-01-06,15.0,247,1528104,3.9999999999999973,4447820.0,4447820.0,1.0,6186.655870445344,0.0,0.0,0.0
NTB.N0000,2026-01-06,312.0,72,41307,0.7211538461538461,53296.333333333336,53296.333333333336,1.0,573.7083333333334,0.0,0.0,0.0
CTBL.N0000,2026-01-06,10.2,253,1128104,12.745098039215694,410261.0,410261.0,1.0,4458.909090909091,0.0,0.0,0.0
NHL.N0000,2026-01-06,10.6,72,162394,3.7735849056603805,218825.66666666666,218825.66666666666,1.0,2255.472222222222,0.0,0.0,0.0
CTC.N0000,2026-01-06,1735.75,52,10746,1.3250756157280714,6234.666666666667,6234.666666666667,1.0,206.65384615384616,0.0,0.0,0.0
NEH.N0000,2026-01-06,4500.0,9,10,9.922222222222222,6.0,6.0,1.0,1.1111111111111112,0.0,0.0,0.0
CRL.N0000,2026-01-06,5.5,23,44552,3.636363636363624,72662.66666666667,72662.66666666667,1.0,1937.0434782608695,0.0,0.0,0.0
WIND.N0000,2026-01-06,48.5,106,49091,2.474226804123717,87764.0,87764.0,1.0,463.12264150943395,0.0,0.0,0.0
