symbol,rank,dimension7_v2_score,component1_trading_activity,component2_volatility_adj,component3_market_recognition,trade_volume_score,share_volume_score,trade_density_class,volatility_level,phase,metrics_available,scoring_date
SAMP.N0000,1,69.0,95.0,60.0,50.0,95.0,95.0,mixed,very_low,1A,4,2026-02-13
COMB.N0000,2,69.0,95.0,60.0,50.0,95.0,95.0,mixed,very_low,1A,4,2026-02-13
HHL.N0000,3,68.5,95.0,55.0,50.0,95.0,95.0,mixed,low,1A,4,2026-02-13
BIL.N0000,4,68.5,95.0,55.0,50.0,95.0,95.0,institutional,low,1A,4,2026-02-13
SIRA.N0000,5,68.5,95.0,55.0,50.0,95.0,95.0,mixed,low,1A,4,2026-02-13
JKH.N0000,6,68.5,95.0,55.0,50.0,95.0,95.0,mixed,low,1A,4,2026-02-13
CIC.N0000,7,68.0,95.0,50.0,50.0,95.0,95.0,mixed,moderate,1A,4,2026-02-13
ACL.N0000,8,68.0,95.0,50.0,50.0,95.0,95.0,mixed,moderate,1A,4,2026-02-13
LGL.N0000,9,68.0,95.0,50.0,50.0,95.0,95.0,mixed,moderate,1A,4,2026-02-13
RAL.N0000,10,67.5,95.0,45.0,50.0,95.0,95.0,institutional,high,1A,4,2026-02-13
CIC.X0000,11,67.5,95.0,45.0,50.0,95.0,95.0,mixed,high,1A,4,2026-02-13
MFPE.N0000,12,67.5,95.0,45.0,50.0,95.0,95.0,mixed,high,1A,4,2026-02-13
BFL.N0000,13,67.0,95.0,40.0,50.0,95.0,95.0,mixed,very_high,1A,4,2026-02-13
SDB.N0000,14,67.0,95.0,40.0,50.0,95.0,95.0,mixed,very_high,1A,4,2026-02-13
HBS.N0000,15,67.0,95.0,40.0,50.0,95.0,95.0,mixed,very_high,1A,4,2026-02-13
ASIY.N0000,16,67.0,95.0,40.0,50.0,95.0,95.0,mixed,very_high,1A,4,2026-02-13
JFP.N0000,17,67.0,95.0,40.0,50.0,95.0,95.0,mixed,very_high,1A,4,2026-02-13
DFCC.N0000,18,66.4,88.5,60.0,50.0,95.0,82.0,mixed,very_low,1A,4,2026-02-13
AEL.N0000,19,66.4,88.5,60.0,50.0,95.0,82.0,mixed,very_low,1A,4,2026-02-13
RCL.N0000,20,66.4,88.5,60.0,50.0,82.0,95.0,mixed,very_low,1A,4,2026-02-13
CALH.N0000,21,66.4,88.5,60.0,50.0,82.0,95.0,institutional,very_low,1A,4,2026-02-13
PLR.N0000,22,65.9,88.5,55.0,50.0,82.0,95.0,mixed,low,1A,4,2026-02-13
HAYL.N0000,23,65.9,88.5,55.0,50.0,95.0,82.0,retail,low,1A,4,2026-02-13
CBNK.N0000,24,65.9,88.5,55.0,50.0,82.0,95.0,mixed,low,1A,4,2026-02-13
TAP.N0000,25,65.4,88.5,50.0,50.0,95.0,82.0,mixed,moderate,1A,4,2026-02-13
CSLK.N0000,26,65.4,88.5,50.0,50.0,82.0,95.0,mixed,moderate,1A,4,2026-02-13
NDB.N0000,27,65.4,88.5,50.0,50.0,95.0,82.0,mixed,moderate,1A,4,2026-02-13
PABC.N0000,28,64.9,88.5,45.0,50.0,95.0,82.0,mixed,high,1A,4,2026-02-13
LVEF.N0000,29,64.9,88.5,45.0,50.0,82.0,95.0,mixed,high,1A,4,2026-02-13
HDFC.N0000,30,64.9,88.5,45.0,50.0,95.0,82.0,mixed,high,1A,4,2026-02-13
LCBF.N0000,31,64.9,88.5,45.0,50.0,82.0,95.0,institutional,high,1A,4,2026-02-13
DOCK.N0000,32,64.4,88.5,40.0,50.0,95.0,82.0,retail,very_high,1A,4,2026-02-13
SUN.N0000,33,63.8,82.0,60.0,50.0,82.0,82.0,mixed,very_low,1A,4,2026-02-13
DIPD.N0000,34,63.8,82.0,60.0,50.0,82.0,82.0,mixed,very_low,1A,4,2026-02-13
TKYO.X0000,35,63.8,82.0,60.0,50.0,82.0,82.0,mixed,very_low,1A,4,2026-02-13
FCT.N0000,36,63.8,82.0,60.0,50.0,82.0,82.0,retail,very_low,1A,4,2026-02-13
LMF.N0000,37,63.8,82.0,60.0,50.0,82.0,82.0,mixed,very_low,1A,4,2026-02-13
OSEA.N0000,38,63.3,82.0,55.0,50.0,82.0,82.0,mixed,low,1A,4,2026-02-13
DIAL.N0000,39,63.3,82.0,55.0,50.0,82.0,82.0,mixed,low,1A,4,2026-02-13
PKME.N0000,40,63.3,82.0,55.0,50.0,82.0,82.0,mixed,low,1A,4,2026-02-13
HNB.X0000,41,63.3,82.0,55.0,50.0,82.0,82.0,mixed,low,1A,4,2026-02-13
ASCO.N0000,42,63.3,82.0,55.0,50.0,82.0,82.0,mixed,low,1A,4,2026-02-13
ALUM.N0000,43,63.3,82.0,55.0,50.0,82.0,82.0,mixed,low,1A,4,2026-02-13
COCO.N0000,44,62.8,82.0,50.0,50.0,82.0,82.0,mixed,moderate,1A,4,2026-02-13
VLL.N0000,45,62.8,82.0,50.0,50.0,82.0,82.0,mixed,moderate,1A,4,2026-02-13
JAT.N0000,46,62.8,82.0,50.0,50.0,82.0,82.0,mixed,moderate,1A,4,2026-02-13
RIL.N0000,47,62.8,82.0,50.0,50.0,82.0,82.0,mixed,moderate,1A,4,2026-02-13
HNBF.N0000,48,62.3,82.0,45.0,50.0,82.0,82.0,mixed,high,1A,4,2026-02-13
AFS.N0000,49,62.3,82.0,45.0,50.0,82.0,82.0,mixed,high,1A,4,2026-02-13
CTBL.N0000,50,61.8,82.0,40.0,50.0,82.0,82.0,mixed,very_high,1A,4,2026-02-13
KZOO.N0000,51,61.4,78.5,50.0,50.0,62.0,95.0,institutional,moderate,1A,4,2026-02-13
RHL.N0000,52,61.4,78.5,50.0,50.0,62.0,95.0,institutional,moderate,1A,4,2026-02-13
SINH.N0000,53,60.9,78.5,45.0,50.0,62.0,95.0,institutional,high,1A,4,2026-02-13
ASPH.N0000,54,60.4,78.5,40.0,50.0,62.0,95.0,institutional,very_high,1A,4,2026-02-13
TAFL.N0000,55,60.4,78.5,40.0,50.0,95.0,62.0,retail,very_high,1A,4,2026-02-13
SEMB.N0000,56,60.4,78.5,40.0,50.0,62.0,95.0,institutional,very_high,1A,4,2026-02-13
GRAN.N0000,57,60.4,78.5,40.0,50.0,95.0,62.0,retail,very_high,1A,4,2026-02-13
COCR.N0000,58,59.8,72.0,60.0,50.0,82.0,62.0,retail,very_low,1A,4,2026-02-13
TJL.N0000,59,59.8,72.0,60.0,50.0,82.0,62.0,retail,very_low,1A,4,2026-02-13
CFVF.N0000,60,59.8,72.0,60.0,50.0,82.0,62.0,retail,very_low,1A,4,2026-02-13
TKYO.N0000,61,59.8,72.0,60.0,50.0,62.0,82.0,mixed,very_low,1A,4,2026-02-13
DIST.N0000,62,59.8,72.0,60.0,50.0,62.0,82.0,mixed,very_low,1A,4,2026-02-13
HAYC.N0000,63,59.8,72.0,60.0,50.0,82.0,62.0,mixed,very_low,1A,4,2026-02-13
WATA.N0000,64,59.8,72.0,60.0,50.0,82.0,62.0,mixed,very_low,1A,4,2026-02-13
CALT.N0000,65,59.8,72.0,60.0,50.0,82.0,62.0,retail,very_low,1A,4,2026-02-13
AAIC.N0000,66,59.3,72.0,55.0,50.0,82.0,62.0,mixed,low,1A,4,2026-02-13
AGST.N0000,67,59.3,72.0,55.0,50.0,62.0,82.0,mixed,low,1A,4,2026-02-13
SEYB.X0000,68,59.3,72.0,55.0,50.0,62.0,82.0,mixed,low,1A,4,2026-02-13
COMB.X0000,69,59.3,72.0,55.0,50.0,82.0,62.0,retail,low,1A,4,2026-02-13
LOFC.N0000,70,59.3,72.0,55.0,50.0,62.0,82.0,mixed,low,1A,4,2026-02-13
BERU.N0000,71,59.3,72.0,55.0,50.0,62.0,82.0,mixed,low,1A,4,2026-02-13
COOP.N0000,72,58.8,72.0,50.0,50.0,62.0,82.0,mixed,moderate,1A,4,2026-02-13
KHL.N0000,73,58.8,72.0,50.0,50.0,62.0,82.0,mixed,moderate,1A,4,2026-02-13
JETS.N0000,74,58.8,72.0,50.0,50.0,82.0,62.0,mixed,moderate,1A,4,2026-02-13
ABL.N0000,75,58.8,72.0,50.0,50.0,82.0,62.0,mixed,moderate,1A,4,2026-02-13
HEXP.N0000,76,58.8,72.0,50.0,50.0,82.0,62.0,retail,moderate,1A,4,2026-02-13
EAST.N0000,77,58.8,72.0,50.0,50.0,82.0,62.0,mixed,moderate,1A,4,2026-02-13
HNB.N0000,78,58.8,72.0,50.0,50.0,82.0,62.0,retail,moderate,1A,4,2026-02-13
CITH.N0000,79,58.8,72.0,50.0,50.0,62.0,82.0,mixed,moderate,1A,4,2026-02-13
KCAB.N0000,80,58.8,72.0,50.0,50.0,82.0,62.0,retail,moderate,1A,4,2026-02-13
KOTA.N0000,81,58.8,72.0,50.0,50.0,62.0,82.0,mixed,moderate,1A,4,2026-02-13
UBF.N0000,82,58.3,72.0,45.0,50.0,62.0,82.0,mixed,high,1A,4,2026-02-13
SERV.N0000,83,58.3,72.0,45.0,50.0,62.0,82.0,mixed,high,1A,4,2026-02-13
EMER.N0000,84,58.3,72.0,45.0,50.0,62.0,82.0,mixed,high,1A,4,2026-02-13
MBSL.N0000,85,58.3,72.0,45.0,50.0,62.0,82.0,mixed,high,1A,4,2026-02-13
SLTL.N0000,86,58.3,72.0,45.0,50.0,82.0,62.0,mixed,high,1A,4,2026-02-13
MDL.N0000,87,57.8,72.0,40.0,50.0,62.0,82.0,mixed,very_high,1A,4,2026-02-13
SIGV.N0000,88,57.8,72.0,40.0,50.0,82.0,62.0,retail,very_high,1A,4,2026-02-13
WAPO.N0000,89,57.8,72.0,40.0,50.0,82.0,62.0,retail,very_high,1A,4,2026-02-13
APLA.N0000,90,55.9,66.0,45.0,50.0,95.0,37.0,retail,high,1A,4,2026-02-13
BOGA.N0000,91,55.9,66.0,45.0,50.0,95.0,37.0,retail,high,1A,4,2026-02-13
SINS.N0000,92,55.8,62.0,60.0,50.0,62.0,62.0,mixed,very_low,1A,4,2026-02-13
MELS.N0000,93,55.8,62.0,60.0,50.0,62.0,62.0,retail,very_low,1A,4,2026-02-13
CFIN.N0000,94,55.8,62.0,60.0,50.0,62.0,62.0,mixed,very_low,1A,4,2026-02-13
CIND.N0000,95,55.8,62.0,60.0,50.0,62.0,62.0,retail,very_low,1A,4,2026-02-13
NAMU.N0000,96,55.4,66.0,40.0,50.0,95.0,37.0,retail,very_high,1A,4,2026-02-13
SEMB.X0000,97,55.4,66.0,40.0,50.0,37.0,95.0,institutional,very_high,1A,4,2026-02-13
MERC.N0000,98,55.3,62.0,55.0,50.0,62.0,62.0,retail,low,1A,4,2026-02-13
HELA.N0000,99,55.3,62.0,55.0,50.0,62.0,62.0,mixed,low,1A,4,2026-02-13
PARQ.N0000,100,55.3,62.0,55.0,50.0,62.0,62.0,mixed,low,1A,4,2026-02-13
VFIN.N0000,101,55.3,62.0,55.0,50.0,62.0,62.0,mixed,low,1A,4,2026-02-13
AAF.N0000,102,55.3,62.0,55.0,50.0,62.0,62.0,mixed,low,1A,4,2026-02-13
MGT.N0000,103,55.3,62.0,55.0,50.0,62.0,62.0,mixed,low,1A,4,2026-02-13
EBCR.N0000,104,55.3,62.0,55.0,50.0,62.0,62.0,mixed,low,1A,4,2026-02-13
PAP.N0000,105,55.3,62.0,55.0,50.0,62.0,62.0,mixed,low,1A,4,2026-02-13
PLC.N0000,106,55.3,62.0,55.0,50.0,62.0,62.0,mixed,low,1A,4,2026-02-13
UBC.N0000,107,55.3,62.0,55.0,50.0,62.0,62.0,mixed,low,1A,4,2026-02-13
NHL.N0000,108,54.8,62.0,50.0,50.0,62.0,62.0,mixed,moderate,1A,4,2026-02-13
SHL.N0000,109,54.8,62.0,50.0,50.0,62.0,62.0,mixed,moderate,1A,4,2026-02-13
RICH.N0000,110,54.8,62.0,50.0,50.0,62.0,62.0,mixed,moderate,1A,4,2026-02-13
LDEV.N0000,111,54.8,62.0,50.0,50.0,62.0,62.0,mixed,moderate,1A,4,2026-02-13
ACAP.N0000,112,54.8,62.0,50.0,50.0,62.0,62.0,mixed,moderate,1A,4,2026-02-13
CSD.N0000,113,54.8,62.0,50.0,50.0,62.0,62.0,mixed,moderate,1A,4,2026-02-13
CWM.N0000,114,54.3,62.0,45.0,50.0,62.0,62.0,retail,high,1A,4,2026-02-13
HNBF.X0000,115,54.3,62.0,45.0,50.0,62.0,62.0,mixed,high,1A,4,2026-02-13
LGL.X0000,116,54.3,62.0,45.0,50.0,62.0,62.0,mixed,high,1A,4,2026-02-13
AGPL.N0000,117,54.3,62.0,45.0,50.0,62.0,62.0,mixed,high,1A,4,2026-02-13
LOLC.N0000,118,54.3,59.5,55.0,50.0,82.0,37.0,retail,low,1A,4,2026-02-13
AGAL.N0000,119,54.3,62.0,45.0,50.0,62.0,62.0,mixed,high,1A,4,2026-02-13
VPEL.N0000,120,54.3,62.0,45.0,50.0,62.0,62.0,mixed,high,1A,4,2026-02-13
SDF.N0000,121,54.3,62.0,45.0,50.0,62.0,62.0,mixed,high,1A,4,2026-02-13
SFIN.N0000,122,54.3,62.0,45.0,50.0,62.0,62.0,mixed,high,1A,4,2026-02-13
RWSL.N0000,123,54.3,62.0,45.0,50.0,62.0,62.0,mixed,high,1A,4,2026-02-13
CABO.N0000,124,53.8,62.0,40.0,50.0,62.0,62.0,retail,very_high,1A,4,2026-02-13
UML.N0000,125,53.8,59.5,50.0,50.0,82.0,37.0,retail,moderate,1A,4,2026-02-13
MCPL.N0000,126,53.8,62.0,40.0,50.0,62.0,62.0,retail,very_high,1A,4,2026-02-13
MULL.N0000,127,53.8,62.0,40.0,50.0,62.0,62.0,mixed,very_high,1A,4,2026-02-13
ATL.N0000,128,53.8,62.0,40.0,50.0,62.0,62.0,mixed,very_high,1A,4,2026-02-13
CITW.N0000,129,53.8,59.5,50.0,50.0,37.0,82.0,mixed,moderate,1A,4,2026-02-13
TESS.N0000,130,53.3,59.5,45.0,50.0,37.0,82.0,institutional,high,1A,4,2026-02-13
NTB.N0000,131,50.8,49.5,60.0,50.0,62.0,37.0,retail,very_low,1A,4,2026-02-13
VONE.N0000,132,50.8,49.5,60.0,50.0,62.0,37.0,retail,very_low,1A,4,2026-02-13
LIOC.N0000,133,50.8,49.5,60.0,50.0,62.0,37.0,retail,very_low,1A,4,2026-02-13
MARA.N0000,134,50.8,49.5,60.0,50.0,37.0,62.0,mixed,very_low,1A,4,2026-02-13
LLUB.N0000,135,50.8,49.5,60.0,50.0,62.0,37.0,retail,very_low,1A,4,2026-02-13
JINS.N0000,136,50.8,49.5,60.0,50.0,62.0,37.0,retail,very_low,1A,4,2026-02-13
PACK.N0000,137,50.8,49.5,60.0,50.0,37.0,62.0,mixed,very_low,1A,4,2026-02-13
COLO.N0000,138,50.8,49.5,60.0,50.0,37.0,62.0,mixed,very_low,1A,4,2026-02-13
BRWN.N0000,139,50.8,49.5,60.0,50.0,62.0,37.0,retail,very_low,1A,4,2026-02-13
CCS.N0000,140,50.8,49.5,60.0,50.0,62.0,37.0,retail,very_low,1A,4,2026-02-13
GHLL.N0000,141,50.3,49.5,55.0,50.0,37.0,62.0,mixed,low,1A,4,2026-02-13
LUMX.N0000,142,50.3,49.5,55.0,50.0,37.0,62.0,mixed,low,1A,4,2026-02-13
LPL.N0000,143,50.3,49.5,55.0,50.0,37.0,62.0,mixed,low,1A,4,2026-02-13
WIND.N0000,144,50.3,49.5,55.0,50.0,62.0,37.0,retail,low,1A,4,2026-02-13
CLND.N0000,145,50.3,49.5,55.0,50.0,37.0,62.0,mixed,low,1A,4,2026-02-13
CINV.N0000,146,50.3,49.5,55.0,50.0,62.0,37.0,retail,low,1A,4,2026-02-13
BALA.N0000,147,50.3,49.5,55.0,50.0,62.0,37.0,retail,low,1A,4,2026-02-13
LFIN.N0000,148,50.3,49.5,55.0,50.0,62.0,37.0,retail,low,1A,4,2026-02-13
LPL.X0000,149,50.3,49.5,55.0,50.0,37.0,62.0,mixed,low,1A,4,2026-02-13
MEL.N0000,150,50.3,49.5,55.0,50.0,37.0,62.0,mixed,low,1A,4,2026-02-13
AHUN.N0000,151,50.3,49.5,55.0,50.0,37.0,62.0,mixed,low,1A,4,2026-02-13
EDEN.N0000,152,49.8,49.5,50.0,50.0,37.0,62.0,mixed,moderate,1A,4,2026-02-13
GREG.N0000,153,49.8,49.5,50.0,50.0,62.0,37.0,retail,moderate,1A,4,2026-02-13
HUNA.N0000,154,49.8,49.5,50.0,50.0,37.0,62.0,mixed,moderate,1A,4,2026-02-13
SHOT.X0000,155,49.8,49.5,50.0,50.0,37.0,62.0,mixed,moderate,1A,4,2026-02-13
AMF.N0000,156,49.8,49.5,50.0,50.0,62.0,37.0,retail,moderate,1A,4,2026-02-13
LALU.N0000,157,49.8,49.5,50.0,50.0,37.0,62.0,mixed,moderate,1A,4,2026-02-13
SCAP.N0000,158,49.8,49.5,50.0,50.0,37.0,62.0,mixed,moderate,1A,4,2026-02-13
ELPL.N0000,159,49.8,49.5,50.0,50.0,62.0,37.0,retail,moderate,1A,4,2026-02-13
EML.N0000,160,49.8,49.5,50.0,50.0,37.0,62.0,mixed,moderate,1A,4,2026-02-13
ASIR.N0000,161,49.8,49.5,50.0,50.0,62.0,37.0,retail,moderate,1A,4,2026-02-13
ACME.N0000,162,49.8,49.5,50.0,50.0,37.0,62.0,mixed,moderate,1A,4,2026-02-13
TILE.N0000,163,49.8,49.5,50.0,50.0,62.0,37.0,retail,moderate,1A,4,2026-02-13
LCEY.N0000,164,49.8,49.5,50.0,50.0,62.0,37.0,retail,moderate,1A,4,2026-02-13
RGEM.N0000,165,49.8,49.5,50.0,50.0,62.0,37.0,retail,moderate,1A,4,2026-02-13
PMB.N0000,166,49.8,49.5,50.0,50.0,62.0,37.0,retail,moderate,1A,4,2026-02-13
PINS.N0000,167,49.8,49.5,50.0,50.0,37.0,62.0,mixed,moderate,1A,4,2026-02-13
RHL.X0000,168,49.8,49.5,50.0,50.0,37.0,62.0,mixed,moderate,1A,4,2026-02-13
VLL.X0000,169,49.3,49.5,45.0,50.0,37.0,62.0,mixed,high,1A,4,2026-02-13
REEF.N0000,170,49.3,49.5,45.0,50.0,37.0,62.0,mixed,high,1A,4,2026-02-13
SMOT.N0000,171,45.8,37.0,60.0,50.0,37.0,37.0,retail,very_low,1A,4,2026-02-13
TYRE.N0000,172,45.8,37.0,60.0,50.0,37.0,37.0,retail,very_low,1A,4,2026-02-13
CTC.N0000,173,45.8,37.0,60.0,50.0,37.0,37.0,retail,very_low,1A,4,2026-02-13
TPL.N0000,174,45.8,37.0,60.0,50.0,37.0,37.0,retail,very_low,1A,4,2026-02-13
HASU.N0000,175,45.8,37.0,60.0,50.0,37.0,37.0,retail,very_low,1A,4,2026-02-13
HSIG.N0000,176,45.8,37.0,60.0,50.0,37.0,37.0,retail,very_low,1A,4,2026-02-13
STAF.N0000,177,45.8,37.0,60.0,50.0,37.0,37.0,retail,very_low,1A,4,2026-02-13
BPPL.N0000,178,45.8,37.0,60.0,50.0,37.0,37.0,mixed,very_low,1A,4,2026-02-13
SEYB.N0000,179,45.8,37.0,60.0,50.0,37.0,37.0,mixed,very_low,1A,4,2026-02-13
COCO.X0000,180,45.8,37.0,60.0,50.0,37.0,37.0,mixed,very_low,1A,4,2026-02-13
HPL.N0000,181,45.3,37.0,55.0,50.0,37.0,37.0,retail,low,1A,4,2026-02-13
CHOT.N0000,182,45.3,37.0,55.0,50.0,37.0,37.0,mixed,low,1A,4,2026-02-13
CHMX.N0000,183,45.3,37.0,55.0,50.0,37.0,37.0,retail,low,1A,4,2026-02-13
DPL.N0000,184,45.3,37.0,55.0,50.0,37.0,37.0,retail,low,1A,4,2026-02-13
SPEN.N0000,185,45.3,37.0,55.0,50.0,37.0,37.0,retail,low,1A,4,2026-02-13
LHCL.N0000,186,45.3,37.0,55.0,50.0,37.0,37.0,retail,low,1A,4,2026-02-13
ALLI.N0000,187,45.3,37.0,55.0,50.0,37.0,37.0,retail,low,1A,4,2026-02-13
CONN.N0000,188,45.3,37.0,55.0,50.0,37.0,37.0,mixed,low,1A,4,2026-02-13
KAHA.N0000,189,44.8,37.0,50.0,50.0,37.0,37.0,retail,moderate,1A,4,2026-02-13
LGIL.N0000,190,44.8,37.0,50.0,50.0,37.0,37.0,retail,moderate,1A,4,2026-02-13
LWL.N0000,191,44.8,37.0,50.0,50.0,37.0,37.0,retail,moderate,1A,4,2026-02-13
KPHL.N0000,192,44.8,37.0,50.0,50.0,37.0,37.0,mixed,moderate,1A,4,2026-02-13
CRL.N0000,193,44.8,37.0,50.0,50.0,37.0,37.0,mixed,moderate,1A,4,2026-02-13
AHPL.N0000,194,44.8,37.0,50.0,50.0,37.0,37.0,retail,moderate,1A,4,2026-02-13
UAL.N0000,195,44.8,37.0,50.0,50.0,37.0,37.0,mixed,moderate,1A,4,2026-02-13
ATLL.N0000,196,44.3,37.0,45.0,50.0,37.0,37.0,retail,high,1A,4,2026-02-13
TSML.N0000,197,44.3,37.0,45.0,50.0,37.0,37.0,retail,high,1A,4,2026-02-13
CARE.N0000,198,44.3,37.0,45.0,50.0,37.0,37.0,mixed,high,1A,4,2026-02-13
UDPL.N0000,199,44.3,37.0,45.0,50.0,37.0,37.0,retail,high,1A,4,2026-02-13
KHC.N0000,200,44.3,37.0,45.0,50.0,37.0,37.0,mixed,high,1A,4,2026-02-13
LVEN.N0000,201,44.3,37.0,45.0,50.0,37.0,37.0,retail,high,1A,4,2026-02-13
GEST.N0000,202,44.3,37.0,45.0,50.0,37.0,37.0,retail,high,1A,4,2026-02-13
EXT.N0000,203,44.3,37.0,45.0,50.0,37.0,37.0,mixed,high,1A,4,2026-02-13
ECL.N0000,204,43.8,37.0,40.0,50.0,37.0,37.0,mixed,very_high,1A,4,2026-02-13
SHAW.N0000,205,43.8,37.0,40.0,50.0,37.0,37.0,retail,very_high,1A,4,2026-02-13
LITE.N0000,206,43.8,37.0,40.0,50.0,37.0,37.0,retail,very_high,1A,4,2026-02-13
ONAL.N0000,207,43.8,37.0,40.0,50.0,37.0,37.0,retail,very_high,1A,4,2026-02-13
CDB.X0000,208,40.8,24.5,60.0,50.0,37.0,12.0,retail,very_low,1A,4,2026-02-13
HARI.N0000,209,40.8,24.5,60.0,50.0,37.0,12.0,retail,very_low,1A,4,2026-02-13
HPFL.N0000,210,40.8,24.5,60.0,50.0,12.0,37.0,mixed,very_low,1A,4,2026-02-13
CHL.X0000,211,40.8,24.5,60.0,50.0,12.0,37.0,retail,very_low,1A,4,2026-02-13
CHL.N0000,212,40.8,24.5,60.0,50.0,12.0,37.0,retail,very_low,1A,4,2026-02-13
GLAS.N0000,213,40.8,24.5,60.0,50.0,12.0,37.0,retail,very_low,1A,4,2026-02-13
SFCL.N0000,214,40.8,24.5,60.0,50.0,37.0,12.0,retail,very_low,1A,4,2026-02-13
ASHO.N0000,215,40.3,24.5,55.0,50.0,37.0,12.0,retail,low,1A,4,2026-02-13
HOPL.N0000,216,40.3,24.5,55.0,50.0,12.0,37.0,retail,low,1A,4,2026-02-13
DIMO.N0000,217,40.3,24.5,55.0,50.0,37.0,12.0,retail,low,1A,4,2026-02-13
BFN.N0000,218,40.3,24.5,55.0,50.0,12.0,37.0,retail,low,1A,4,2026-02-13
MHDL.N0000,219,39.8,24.5,50.0,50.0,12.0,37.0,mixed,moderate,1A,4,2026-02-13
ABAN.N0000,220,39.8,24.5,50.0,50.0,37.0,12.0,retail,moderate,1A,4,2026-02-13
ETWO.N0000,221,39.8,24.5,50.0,50.0,12.0,37.0,retail,moderate,1A,4,2026-02-13
RFL.N0000,222,39.8,24.5,50.0,50.0,37.0,12.0,retail,moderate,1A,4,2026-02-13
CTLD.N0000,223,39.8,24.5,50.0,50.0,12.0,37.0,retail,moderate,1A,4,2026-02-13
RENU.N0000,224,39.8,24.5,50.0,50.0,37.0,12.0,retail,moderate,1A,4,2026-02-13
RCH.N0000,225,39.8,24.5,50.0,50.0,12.0,37.0,retail,moderate,1A,4,2026-02-13
HVA.N0000,226,39.3,24.5,45.0,50.0,12.0,37.0,mixed,high,1A,4,2026-02-13
PHAR.N0000,227,39.3,24.5,45.0,50.0,37.0,12.0,retail,high,1A,4,2026-02-13
TESS.X0000,228,39.3,24.5,45.0,50.0,12.0,37.0,mixed,high,1A,4,2026-02-13
INME.N0000,229,39.3,24.5,45.0,50.0,37.0,12.0,retail,high,1A,4,2026-02-13
SOY.N0000,230,38.8,24.5,40.0,50.0,37.0,12.0,retail,very_high,1A,4,2026-02-13
AUTO.N0000,231,38.8,24.5,40.0,50.0,37.0,12.0,retail,very_high,1A,4,2026-02-13
SIL.N0000,232,38.8,24.5,40.0,50.0,37.0,12.0,retail,very_high,1A,4,2026-02-13
MSL.N0000,233,38.8,24.5,40.0,50.0,37.0,12.0,retail,very_high,1A,4,2026-02-13
LAMB.N0000,234,35.8,12.0,60.0,50.0,12.0,12.0,retail,very_low,1A,4,2026-02-13
CALI.U0000,235,35.8,12.0,60.0,50.0,12.0,12.0,retail,very_low,1A,4,2026-02-13
TRAN.N0000,236,35.8,12.0,60.0,50.0,12.0,12.0,retail,very_low,1A,4,2026-02-13
MRH.N0000,237,35.8,12.0,60.0,50.0,12.0,12.0,retail,very_low,1A,4,2026-02-13
KFP.N0000,238,35.8,12.0,60.0,50.0,12.0,12.0,retail,very_low,1A,4,2026-02-13
LION.N0000,239,35.8,12.0,60.0,50.0,12.0,12.0,retail,very_low,1A,4,2026-02-13
KVAL.N0000,240,35.8,12.0,60.0,50.0,12.0,12.0,retail,very_low,1A,4,2026-02-13
HAPU.N0000,241,35.8,12.0,60.0,50.0,12.0,12.0,retail,very_low,1A,4,2026-02-13
GUAR.N0000,242,35.8,12.0,60.0,50.0,12.0,12.0,retail,very_low,1A,4,2026-02-13
CALC.U0000,243,35.8,12.0,60.0,50.0,12.0,12.0,retail,very_low,1A,4,2026-02-13
CDB.N0000,244,35.8,12.0,60.0,50.0,12.0,12.0,retail,very_low,1A,4,2026-02-13
CALF.N0000,245,35.8,12.0,60.0,50.0,12.0,12.0,retail,very_low,1A,4,2026-02-13
BUKI.N0000,246,35.8,12.0,60.0,50.0,12.0,12.0,retail,very_low,1A,4,2026-02-13
PALM.N0000,247,35.8,12.0,60.0,50.0,12.0,12.0,retail,very_low,1A,4,2026-02-13
NTB.X0000,248,35.8,12.0,60.0,50.0,12.0,12.0,retail,very_low,1A,4,2026-02-13
BOPL.N0000,249,35.8,12.0,60.0,50.0,12.0,12.0,retail,very_low,1A,4,2026-02-13
RHTL.N0000,250,35.8,12.0,60.0,50.0,12.0,12.0,retail,very_low,1A,4,2026-02-13
SWAD.N0000,251,35.8,12.0,60.0,50.0,12.0,12.0,retail,very_low,1A,4,2026-02-13
PARA.N0000,252,35.8,12.0,60.0,50.0,12.0,12.0,retail,very_low,1A,4,2026-02-13
CINS.X0000,253,35.8,12.0,60.0,50.0,12.0,12.0,retail,very_low,1A,4,2026-02-13
MAL.X0000,254,35.8,12.0,60.0,50.0,12.0,12.0,retail,very_low,1A,4,2026-02-13
BRR.N0000,255,35.8,12.0,60.0,50.0,12.0,12.0,retail,very_low,1A,4,2026-02-13
TANG.N0000,256,35.8,12.0,60.0,50.0,12.0,12.0,retail,very_low,1A,4,2026-02-13
AGST.X0000,257,35.3,12.0,55.0,50.0,12.0,12.0,retail,low,1A,4,2026-02-13
CERA.N0000,258,35.3,12.0,55.0,50.0,12.0,12.0,retail,low,1A,4,2026-02-13
ODEL.N0000,259,35.3,12.0,55.0,50.0,12.0,12.0,retail,low,1A,4,2026-02-13
CARS.N0000,260,35.3,12.0,55.0,50.0,12.0,12.0,retail,low,1A,4,2026-02-13
CFLB.N0000,261,35.3,12.0,55.0,50.0,12.0,12.0,retail,low,1A,4,2026-02-13
CFI.N0000,262,35.3,12.0,55.0,50.0,12.0,12.0,retail,low,1A,4,2026-02-13
KGAL.N0000,263,35.3,12.0,55.0,50.0,12.0,12.0,retail,low,1A,4,2026-02-13
SHOT.N0000,264,35.3,12.0,55.0,50.0,12.0,12.0,retail,low,1A,4,2026-02-13
AMSL.N0000,265,35.3,12.0,55.0,50.0,12.0,12.0,retail,low,1A,4,2026-02-13
JKL.N0000,266,35.3,12.0,55.0,50.0,12.0,12.0,retail,low,1A,4,2026-02-13
PEG.N0000,267,35.3,12.0,55.0,50.0,12.0,12.0,retail,low,1A,4,2026-02-13
SLND.N0000,268,35.3,12.0,55.0,50.0,12.0,12.0,retail,low,1A,4,2026-02-13
COMD.N0000,269,35.3,12.0,55.0,50.0,12.0,12.0,retail,low,1A,4,2026-02-13
CTHR.N0000,270,35.3,12.0,55.0,50.0,12.0,12.0,retail,low,1A,4,2026-02-13
MAL.N0000,271,35.3,12.0,55.0,50.0,12.0,12.0,retail,low,1A,4,2026-02-13
MASK.N0000,272,35.3,12.0,55.0,50.0,12.0,12.0,retail,low,1A,4,2026-02-13
UCAR.N0000,273,35.3,12.0,55.0,50.0,12.0,12.0,retail,low,1A,4,2026-02-13
MADU.N0000,274,35.3,12.0,55.0,50.0,12.0,12.0,retail,low,1A,4,2026-02-13
LHL.N0000,275,35.3,12.0,55.0,50.0,12.0,12.0,retail,low,1A,4,2026-02-13
BREW.N0000,276,35.3,12.0,55.0,50.0,12.0,12.0,retail,low,1A,4,2026-02-13
TAJ.N0000,277,34.8,12.0,50.0,50.0,12.0,12.0,retail,moderate,1A,4,2026-02-13
HUNT.N0000,278,34.8,12.0,50.0,50.0,12.0,12.0,retail,moderate,1A,4,2026-02-13
CIT.N0000,279,34.8,12.0,50.0,50.0,12.0,12.0,retail,moderate,1A,4,2026-02-13
BBH.N0000,280,34.8,12.0,50.0,50.0,12.0,12.0,retail,moderate,1A,4,2026-02-13
CTEA.N0000,281,34.8,12.0,50.0,50.0,12.0,12.0,retail,moderate,1A,4,2026-02-13
CARG.N0000,282,34.8,12.0,50.0,50.0,12.0,12.0,retail,moderate,1A,4,2026-02-13
RPBH.N0000,283,34.8,12.0,50.0,50.0,12.0,12.0,retail,moderate,1A,4,2026-02-13
LPRT.N0000,284,34.8,12.0,50.0,50.0,12.0,12.0,retail,moderate,1A,4,2026-02-13
CWL.N0000,285,34.8,12.0,50.0,50.0,12.0,12.0,retail,moderate,1A,4,2026-02-13
REXP.N0000,286,34.8,12.0,50.0,50.0,12.0,12.0,retail,moderate,1A,4,2026-02-13
AFSL.N0000,287,34.8,12.0,50.0,50.0,12.0,12.0,retail,moderate,1A,4,2026-02-13
AINS.N0000,288,34.8,12.0,50.0,50.0,12.0,12.0,retail,moderate,1A,4,2026-02-13
OFEQ.N0000,289,34.3,12.0,45.0,50.0,12.0,12.0,retail,high,1A,4,2026-02-13
CPRT.N0000,290,34.3,12.0,45.0,50.0,12.0,12.0,retail,high,1A,4,2026-02-13
CINS.N0000,291,33.8,12.0,40.0,50.0,12.0,12.0,retail,very_high,1A,4,2026-02-13
NEH.N0000,292,33.8,12.0,40.0,50.0,12.0,12.0,retail,very_high,1A,4,2026-02-13
